{"cameraMode":{"drawMode":0,"name":"Shaded","section":"Shading Mode"},"sceneLighting":true,"audioPlay":false,"sceneViewState":{"m_AlwaysRefresh":false,"showFog":true,"showSkybox":true,"showFlares":true,"showImageEffects":true,"showParticleSystems":true,"showVisualEffectGraphs":true,"m_FxEnabled":true},"in2DMode":false,"pivot":{"x":-13.796208381652832,"y":4.64035701751709,"z":0.5815811157226563},"rotation":{"x":0.21568050980567933,"y":-0.22468042373657227,"z":0.05106937512755394,"w":0.9488916397094727},"size":23.766551971435548,"orthographic":true}